Grapheme	IPA	Frequency	Languages	Examples
-	+				
'a	ʔ a	1	Fulfulde	gi'al
'o	ʔ o	1	Fulfulde	go'o
'u	ʔ u	1	Fulfulde	si'u-de
+	+	1	Tiranige_Diga	dùmà+yò:gé
_	+	664	Bambara, Bangime, Bankan_Tey, Ben_Tey, Bunoge, Fulfulde, Jamsay, Jenaama, Mombo, Najamba, Nanga, Penange, Perge_Tegu, Songhai_Kiini, Songhai_Senni, Tebul_Ure, Tiranige_Diga, Togo_Kan, Tommo_So, Toro_Tegu, Yanda_Dom, Yorno_So	balaken_kewal, buutu_tuwal, bà:rá_tí:
a	a	111	Bambara, Fulfulde, Songhai_Kiini	abbi-raaɗo, aduna, albalda
aa	aː	58	Fulfulde	abbi-raaɗo, baafal, bilaaru
aay	aːi	1	Fulfulde	maay-de
ààⁿ	ààⁿ/ãː
ùùⁿ	ùùⁿ/ũː
ììⁿ	ììⁿ/ĩː
aayo	aː j o	1	Fulfulde	maayo
ai	ai	1	Bambara	kai
ay	ai	4	Fulfulde	baylo, jeenay, naywu-de
ayi	a j i	1	Fulfulde	nayi
a᷆ⁿ	ã	1	Jenaama	kūla᷆ⁿ
a᷈	ãu	1	Bankan_Tey	ma᷈wⁿ
a᷈:	aː 	2	Ben_Tey, Najamba	a᷈:, wa᷈:w
a᷈:ⁿ	ãː	2	Bankan_Tey, Ben_Tey	ta᷈:ⁿ
aⁿ	ã	2	Bambara	kaⁿga, mugaⁿ
b	b	966	Bambara, Bangime, Bankan_Tey, Ben_Tey, Bunoge, Fulfulde, Jamsay, Jenaama, Mombo, Najamba, Nanga, Penange, Perge_Tegu, Songhai_Kiini, Songhai_Senni, Tebul_Ure, Tiranige_Diga, Togo_Kan, Tommo_So, Toro_Tegu, Yanda_Dom, Yorno_So	albalda, baafal, balaken_kewal
bb	bː	8	Fulfulde, Songhai_Kiini, Songhai_Senni	abbi-raaɗo, dá:bbà, dá:bbà:
bw	bʷ	1	Jenaama	kwālà_bwɛ́
c	tʃ	90	Bambara, Bangime, Bankan_Tey, Ben_Tey, Fulfulde, Jamsay, Jenaama, Mombo, Perge_Tegu, Songhai_Senni, Tebul_Ure, Tiranige_Diga, Toro_Tegu, Yanda_Dom	bɔ̀rcì_ní, bɔ̀rɔ̀_cé:ŋ, caggal
cc	tʃː	5	Fulfulde	beccal, feccu-de, maccu-ɗo
d	d	1143	Bambara, Bangime, Bankan_Tey, Ben_Tey, Bunoge, Fulfulde, Jamsay, Jenaama, Mombo, Najamba, Nanga, Penange, Perge_Tegu, Songhai_Kiini, Songhai_Senni, Tebul_Ure, Tiranige_Diga, Togo_Kan, Tommo_So, Toro_Tegu, Yanda_Dom, Yorno_So	aduna, albalda, asu-de
dd	dː	15	Fulfulde, Mombo, Songhai_Kiini, Songhai_Senni, Tebul_Ure	goddo-l, gɔ́d-dɛ̀, hedde
dw	dʷ	7	Bangime, Mombo, Najamba, Penange, Tiranige_Diga	dw-ɛ̂:, dwàà, dwɛ̀:
e	e	191	Bambara, Fulfulde, Tiranige_Diga	asu-de, balaken_kewal, bannge
ee	eː	17	Bambara, Fulfulde	boɗee-jo, daanee-jo, feɗeendu
eⁿ	ẽ	1	Bambara	yeleⁿ
f	f	102	Bambara, Bunoge, Fulfulde, Jamsay, Mombo, Najamba, Penange, Songhai_Kiini, Songhai_Senni, Toro_Tegu	baafal, bòné_fùtù, cofal
g	g	1211	Bambara, Bangime, Bankan_Tey, Ben_Tey, Bunoge, Fulfulde, Jamsay, Jenaama, Mombo, Najamba, Nanga, Penange, Perge_Tegu, Songhai_Kiini, Songhai_Senni, Tebul_Ure, Tiranige_Diga, Togo_Kan, Tommo_So, Toro_Tegu, Yanda_Dom, Yorno_So	bannge, bogooru, buuw-irgal
gg	gː	6	Fulfulde, Songhai_Senni, Tebul_Ure	caggal, doggu-de, nagge
gw	gʷ	7	Bunoge, Mombo, Najamba, Tebul_Ure, Tiranige_Diga	gwà:ⁿ_cìnǎ:, gwá:ⁿ, gwé
h	h	112	Bambara, Bangime, Bunoge, Fulfulde, Jenaama, Penange, Songhai_Kiini, Songhai_Senni, Togo_Kan, Toro_Tegu	gànjì_hày, haabu, haako
i	i	75	Bambara, Fulfulde, Najamba, Tebul_Ure	abbi-raaɗo, amiiri, bilaaru
ii	iː	13	Fulfulde	amiiri, dibiire, fiiru-de
iy	i	2	Fulfulde	ndiy-am, wiyde
iⁿ	ĩ	4	Bambara, Togo_Kan	biⁿ, kiniⁿ, kiⁿ
j	dʒ	513	Bambara, Bankan_Tey, Ben_Tey, Bunoge, Fulfulde, Jamsay, Jenaama, Mombo, Najamba, Nanga, Penange, Perge_Tegu, Songhai_Kiini, Songhai_Senni, Tebul_Ure, Tiranige_Diga, Togo_Kan, Tommo_So, Toro_Tegu, Yanda_Dom, Yorno_So	boɗee-jo, bàjá, bànjî
jj	dʒː	5	Bunoge, Fulfulde, Penange	nèjjé, tájjé, wujju-de
jw	dʒʷ	2	Mombo, Penange	jwè:, jwé:
k	k	981	Bambara, Bangime, Bankan_Tey, Ben_Tey, Bunoge, Fulfulde, Jamsay, Jenaama, Mombo, Najamba, Nanga, Penange, Perge_Tegu, Songhai_Kiini, Songhai_Senni, Tebul_Ure, Tiranige_Diga, Togo_Kan, Tommo_So, Toro_Tegu, Yanda_Dom, Yorno_So	balaken_kewal, bananku, bà:kò
kk	kː	3	Fulfulde, Songhai_Senni	hokku-de, lekki, tákkê
kw	kʷ	13	Bambara, Bangime, Jenaama, Najamba, Penange, Tebul_Ure	kwe, kwee, kwàⁿ
l	l	797	Bambara, Bangime, Bankan_Tey, Ben_Tey, Bunoge, Fulfulde, Jamsay, Jenaama, Mombo, Najamba, Nanga, Penange, Perge_Tegu, Songhai_Kiini, Songhai_Senni, Tebul_Ure, Tiranige_Diga, Togo_Kan, Tommo_So, Toro_Tegu, Yanda_Dom, Yorno_So	albalda, baafal, balaken_kewal
ll	lː	20	Bambara, Bunoge, Fulfulde, Jamsay, Jenaama, Mombo, Perge_Tegu, Tebul_Ure, Tommo_So, Yanda_Dom, Yorno_So	bállà, bòràllà-gà, collal
m	m	1129	Bambara, Bangime, Bankan_Tey, Ben_Tey, Bunoge, Fulfulde, Jamsay, Jenaama, Mombo, Najamba, Nanga, Penange, Perge_Tegu, Songhai_Kiini, Songhai_Senni, Tebul_Ure, Tiranige_Diga, Togo_Kan, Tommo_So, Toro_Tegu, Yanda_Dom, Yorno_So	amiiri, barmu-de, bà:mà-yí-m
mm	mː	17	Bankan_Tey, Fulfulde, Songhai_Senni, Tommo_So	dámmá, dìmmú, dɛ̀mmɛ̀_bòndó
ms	m s	4	Songhai_Kiini, Songhai_Senni, Toro_Tegu	húmsú, kùmsò, kúmséy
m̀	m̀/m̩	9	Bangime, Bankan_Tey, Najamba, Tebul_Ure, Togo_Kan, Tommo_So, Yanda_Dom	gìrè_m̀bùló, gìrò_m̀bùlǎ:, m̀bò_sá:
n	n	1600	Bambara, Bangime, Bankan_Tey, Ben_Tey, Bunoge, Fulfulde, Jamsay, Jenaama, Mombo, Najamba, Nanga, Penange, Perge_Tegu, Songhai_Kiini, Songhai_Senni, Tebul_Ure, Tiranige_Diga, Togo_Kan, Tommo_So, Toro_Tegu, Yanda_Dom, Yorno_So	aduna, balaken_kewal, bananku
nn	nː	52	Bankan_Tey, Ben_Tey, Bunoge, Fulfulde, Jamsay, Jenaama, Mombo, Perge_Tegu, Songhai_Senni, Tebul_Ure, Tommo_So, Toro_Tegu	bannge, bon-nde, bánnè
ns	n s	10	Penange, Songhai_Kiini, Songhai_Senni	fánsí, hánsì, hánsó
nw	nʷ	9	Mombo, Penange, Songhai_Senni, Tiranige_Diga	hínw-éyndí, nwá:-gá, nwá:gá
n̄	n	2	Bangime	nɔ̄n̄_ʤɛ̀, ŋàrān̄_dòŋɡò
o	o	81	Bambara, Fulfulde, Najamba	abbi-raaɗo, baylo, bogooru
oo	oː	19	Fulfulde	bogooru, boɓoori, doombru
oy	oi	2	Fulfulde	hoy-de, koyn-gal
oyi	o j i	1	Fulfulde	joyi
o᷆	o᷆/o	1	Jenaama	sùwo᷆
o᷈:	o᷈:/oː	2	Ben_Tey, Nanga	go᷈:, gò_gòrò-go᷈:
o᷈y	o᷈y/oi	1	Ben_Tey	kɔ̀rɔ̀_go᷈y
oⁿu	õu 	1	Bambara	noⁿu
p	p	352	Bambara, Bangime, Bankan_Tey, Ben_Tey, Bunoge, Fulfulde, Jamsay, Jenaama, Mombo, Najamba, Nanga, Penange, Perge_Tegu, Songhai_Kiini, Songhai_Senni, Tebul_Ure, Tiranige_Diga, Togo_Kan, Tommo_So, Toro_Tegu, Yanda_Dom, Yorno_So	gàmpù, gìrè_mpûl, gìrù_pàlá
pp	pː	4	Bankan_Tey, Fulfulde	jippaa-de, leppu-de, sappo
ps	p s	1	Songhai_Senni	kòpsò
q	q	1	Bambara	qúrúngò
r	r	1001	Bambara, Bangime, Bankan_Tey, Ben_Tey, Bunoge, Fulfulde, Jamsay, Jenaama, Mombo, Najamba, Nanga, Penange, Perge_Tegu, Songhai_Kiini, Songhai_Senni, Tebul_Ure, Tiranige_Diga, Togo_Kan, Tommo_So, Toro_Tegu, Yanda_Dom, Yorno_So	abbi-raaɗo, amiiri, barmu-de
rs	r s	3	Bankan_Tey, Ben_Tey, Songhai_Kiini	tàrsì, wɔ̀rsɔ́, àrsɛ̌:
rw	rʷ	2	Perge_Tegu, Songhai_Senni	lá:rwà, lárwê
rⁿ	r̃	252	Bangime, Bankan_Tey, Ben_Tey, Jamsay, Nanga, Perge_Tegu, Tebul_Ure, Togo_Kan, Toro_Tegu, Yanda_Dom, Yorno_So	bàrⁿàkú:ⁿ, bàrⁿâyⁿ, bàrⁿí-yⁿà
s	s	597	Bambara, Bangime, Bankan_Tey, Ben_Tey, Bunoge, Fulfulde, Jamsay, Jenaama, Mombo, Najamba, Nanga, Penange, Perge_Tegu, Songhai_Kiini, Songhai_Senni, Tebul_Ure, Tiranige_Diga, Togo_Kan, Tommo_So, Toro_Tegu, Yanda_Dom, Yorno_So	asu-de, busal, bày_sɔ̌y
sw	sʷ	10	Mombo, Najamba, Penange, Tebul_Ure, Yanda_Dom	swà:, swá:, swǎ:
t	t	707	Bambara, Bangime, Bankan_Tey, Ben_Tey, Bunoge, Fulfulde, Jamsay, Jenaama, Mombo, Najamba, Nanga, Penange, Perge_Tegu, Songhai_Kiini, Songhai_Senni, Tebul_Ure, Tiranige_Diga, Togo_Kan, Tommo_So, Toro_Tegu, Yanda_Dom, Yorno_So	buutu_tuwal, bà:rá_tí:, bànàkùl_táná
tt	tː	14	Fulfulde, Penange, Songhai_Senni, Toro_Tegu	fáttá, fúttó, hóttó
tw	tʷ	4	Bangime, Najamba, Yanda_Dom	twàà-rà, twâ:, twây
u	u	161	Bambara, Ben_Tey, Fulfulde, Jamsay, Najamba, Toro_Tegu	aduna, asu-de, bananku
uu	uː	12	Fulfulde	buutu_tuwal, buuw-irgal, duule-re
uy	ui	2	Fulfulde	muy-ni-nde, muynu-de
u᷆	u᷆/u	1	Jenaama	tu᷆
u᷆ⁿ	u᷆ⁿ/ũ	1	Jenaama	bànàⁿku᷆ⁿ
uⁿ	ũ	2	Bambara	duⁿmuⁿni
w	w	322	Bambara, Bangime, Bankan_Tey, Ben_Tey, Bunoge, Fulfulde, Jamsay, Jenaama, Mombo, Najamba, Nanga, Penange, Perge_Tegu, Songhai_Kiini, Songhai_Senni, Tebul_Ure, Tiranige_Diga, Togo_Kan, Tommo_So, Toro_Tegu, Yanda_Dom, Yorno_So	balaken_kewal, buutu_tuwal, buuw-irgal
ws	w s	1	Songhai_Kiini	kɔ̀wsí
ww	wː	2	Penange, Tommo_So	túwwɔ́, wwɛ́:
wⁿ	w̃	77	Bangime, Bankan_Tey, Ben_Tey, Bunoge, Jamsay, Jenaama, Mombo, Perge_Tegu, Songhai_Kiini, Tiranige_Diga, Togo_Kan, Toro_Tegu, Yorno_So	bíyɛ̄wⁿ, bāā_sɔ̀wⁿ, cíwⁿɛ́
x	x	1	Bambara	táxá-ndí
y	j	411	Bambara, Bangime, Bankan_Tey, Ben_Tey, Bunoge, Jamsay, Jenaama, Mombo, Najamba, Nanga, Penange, Perge_Tegu, Songhai_Kiini, Songhai_Senni, Tebul_Ure, Tiranige_Diga, Togo_Kan, Tommo_So, Toro_Tegu, Yanda_Dom, Yorno_So	bàlí-yà, bàndǎy, bàryò
ya	j a	3	Fulfulde	yahu-de, yaltu-de, yaru-de
yaa	j aː	2	Fulfulde	yaafaa-de, yaawu-de
ye	j e	2	Bambara, Fulfulde	yeggi-ti-nde, yeleⁿ
yee	j eː	1	Fulfulde	yeeso
yi	j i	3	Fulfulde	yimu-de, yinnu-de, yite-re
yii	j iː	1	Fulfulde	yiite
yiy	j i	1	Fulfulde	yiy-de
yo	j o	3	Fulfulde	yonte-re, yortu-de, yottaa-de
yoo	j oː	1	Fulfulde	yoornu-de
éy-yé	éy/ei + j é/e	1	Bankan_Tey	éy-yé
yá	j á/a	31	Bangime, Bankan_Tey, Ben_Tey, Bunoge, Mombo, Najamba, Nanga, Penange, Perge_Tegu, Songhai_Senni, Tiranige_Diga, Tommo_So, Yanda_Dom	dìyá, dùyá, dúŋgúrí-yá
yá:	j á:/aː	18	Ben_Tey, Bunoge, Jamsay, Mombo, Najamba, Penange, Perge_Tegu, Songhai_Kiini, Songhai_Senni, Tebul_Ure, Tiranige_Diga, Togo_Kan, Toro_Tegu, Yanda_Dom, Yorno_So	yá:_sìmà, yá:bí, yá:bú-kárⁿá
yáyé	j á/a j é/e	2	Penange, Tiranige_Diga	yáyé, yáyó
yáyó	j á/a j ó/o
yáá	j áá/aː	2	Bangime, Tommo_So	yáámbɛ̀, ɛ́nní-yáá-dɛ̀
yí	j í/i	15	Bangime, Bankan_Tey, Ben_Tey, Nanga, Tebul_Ure, Tommo_So, Toro_Tegu, Yorno_So	bà:mà-yí-m, dùyí-yɔ́, dǔ:yí
yí:	j í:/iː	1	Bunoge	yí:lì
yíyí	j í/i j í/i	1	Bangime	yíyíì
yú	j ú/u	12	Bangime, Bankan_Tey, Ben_Tey, Bunoge, Songhai_Senni, Tebul_Ure, Tommo_So, Toro_Tegu, Yorno_So	túŋgú-yú, yú, yúbdá
yú:	j ú:/uː	3	Perge_Tegu, Tiranige_Diga, Yanda_Dom	yú:, yú:ndó
yúú	j úú/uː	1	Tommo_So	yúú
yū	j ū/u	2	Bangime	yūn-dà, yūrà
yǒ	j ǒ/o	1	Perge_Tegu	yò_yǒŋ
yǒy	j ǒy/oi	1	Bankan_Tey	yǒy
yɔ̀	j ɔ̀/ɔ 	21	Bankan_Tey, Ben_Tey, Jamsay, Mombo, Najamba, Nanga, Perge_Tegu, Songhai_Kiini, Tebul_Ure, Tiranige_Diga, Togo_Kan, Toro_Tegu, Yanda_Dom, Yorno_So	kɔ́nyɔ̀, pìyɔ̀lù, yà_yɔ̀rú
yɔ̀:	j ɔ̀:	2	Penange	yɔ̀:
yɔ́	j ɔ́/ɔ	13	Bankan_Tey, Ben_Tey, Bunoge, Mombo, Perge_Tegu, Tebul_Ure, Tiranige_Diga, Tommo_So	dùyí-yɔ́, dú-yɔ́, kù_kùyɔ́
yɔ̂:	j ɔ̂:/ɔː	2	Mombo	yɔ̂:
yɔ̄	j ɔ̄/ɔː	1	Jenaama	yɔ̄gɔ̄
yɔ̄ⁿ	j ɔ̄ⁿ/ɔ̃	1	Jenaama	tīyɔ̄ⁿ
yɔ̌	j ɔ̌/ɔ	1	Toro_Tegu	yɔ̌w
yɛ̀	j ɛ̀/ɛ	46	Bambara, Bangime, Bunoge, Jamsay, Jenaama, Najamba, Nanga, Penange, Perge_Tegu, Togo_Kan, Tommo_So, Yanda_Dom, Yorno_So	bùyɛ̀, dáɡá-yɛ̀, dúy-yɛ̀
yɛ̀:	j ɛ̀:/ɛː	2	Mombo, Penange	yɛ̀:, yɛ̀:_tá:ŋgù
yɛ́	j ɛ́/ɛ	26	Bankan_Tey, Ben_Tey, Mombo, Najamba, Nanga, Penange, Togo_Kan, Tommo_So, Yanda_Dom	bàrìyɛ́, bìyɛ́, dànní-yɛ́
yɛ́:	j ɛ́:/ɛː	6	Mombo, Yorno_So	dù-yɛ́:, gyɛ́:, gɛ̀zì_tyɛ́:
yɛ̂:	j ɛ̂:/ɛː	3	Mombo	dín-yɛ̂:, dú-yɛ̂:, gɛ́nyɛ̂:
yɛ̄	j ɛ̄/ɛ	5	Bangime, Jenaama	bùyɛ̄, jīyɛ̄_pùwɔ̀, kɔ̀ndì_sīyɛ̄
yɛ̌	j ɛ̌/ɛ	1	Ben_Tey	yɛ̌
yɛ̌:	j ɛ̌:/ɛː	3	Najamba, Perge_Tegu	yɛ̌:
yɛ̌yⁿ	j ɛ̌yⁿ/ɛĩ	1	Yorno_So	yɛ̌yⁿ
yⁿ	j̃	62	Bangime, Bankan_Tey, Ben_Tey, Bunoge, Jamsay, Jenaama, Mombo, Nanga, Penange, Perge_Tegu, Songhai_Kiini, Tiranige_Diga, Tommo_So, Toro_Tegu, Yanda_Dom, Yorno_So	bànǎyⁿ, bàr_měyⁿ, bàrⁿâyⁿ
dāāⁿ	d āāⁿ/ãː
àyⁿá	à/a j̃ á/a	2	Ben_Tey, Toro_Tegu	màyⁿá, àyⁿá
yⁿí	j̃ í/i	1	Ben_Tey	mù:yⁿí
yⁿǒ	j̃ ǒ/o	1	Toro_Tegu	yⁿǒm
yⁿɔ̀	j̃ ɔ̀/ɔ	1	Toro_Tegu	yⁿɔ̀ŋgɛ̌yⁿ
yⁿɔ́	j̃ ɔ́/ɔ	1	Tommo_So	gùyⁿɔ́
yⁿɛ̀	j̃ ɛ̀/ɛ	2	Bangime	kùyⁿɛ̀-rɛ̀, ŋìyⁿɛ̀-rɛ̀
yⁿɛ́	j̃ ɛ́/ɛ	6	Nanga, Perge_Tegu, Tommo_So, Yanda_Dom	bìyⁿɛ́, dìyⁿɛ́, nàrⁿì_yⁿɛ́
yⁿɛ̂	j̃ ɛ̂/ɛ	2	Bankan_Tey, Songhai_Kiini	hàyⁿɛ̂, nàrⁿìyⁿɛ̂-m
yⁿɛ̄	j̃ ɛ̄/ɛ	1	Jenaama	pīyⁿɛ̄-nà
yⁿɛ̌	j̃ ɛ̌/ɛ	1	Bankan_Tey	sìyⁿɛ̌-m
z	z	118	Bankan_Tey, Mombo, Songhai_Kiini, Songhai_Senni, Tebul_Ure, Toro_Tegu, Yanda_Dom	bèzé, bùzé, cérá:_mòr-í:z-ò
à	à/a	1008	Bambara, Bangime, Bankan_Tey, Ben_Tey, Bunoge, Jamsay, Jenaama, Mombo, Najamba, Nanga, Penange, Perge_Tegu, Songhai_Kiini, Songhai_Senni, Tebul_Ure, Tiranige_Diga, Togo_Kan, Tommo_So, Toro_Tegu, Yanda_Dom, Yorno_So	bà, bà:mà-yí-m, bàbà
à:	à:/aː	121	Bankan_Tey, Ben_Tey, Bunoge, Jamsay, Mombo, Najamba, Nanga, Penange, Perge_Tegu, Songhai_Kiini, Songhai_Senni, Tebul_Ure, Tiranige_Diga, Togo_Kan, Toro_Tegu, Yanda_Dom, Yorno_So	bà:, bà:bè, bà:kò
à:s	à:/aː s	5	Bankan_Tey, Ben_Tey, Mombo, Perge_Tegu, Songhai_Kiini	kà:s-ǒ:, kà:sú, pù:sù_pà:sá
à:w	à:/aː w	3	Ben_Tey, Jamsay, Perge_Tegu	là:wà_gín, là:wà_gú-m, là:wà_gú-nú
à:wⁿ	à:/aː w̃	2	Mombo	gà:wⁿě, gà:wⁿě:
à:ⁿ	à:ⁿ/ãː	4	Penange, Tebul_Ure, Toro_Tegu, Yanda_Dom	gwà:ⁿ_cìnǎ:, gà:ⁿ, kùpà:ⁿ_sú
à:ⁿs	à:ⁿ/ãː s	2	Toro_Tegu	dà:ⁿsú, gà:ⁿsú
ààh	àà/aː h	1	Jenaama	bààhú-mā
às	à/a s	17	Bambara, Bankan_Tey, Ben_Tey, Jamsay, Nanga, Perge_Tegu, Songhai_Kiini, Songhai_Senni, Tebul_Ure, Toro_Tegu	bàsá, dèy_sàsò, gàsú
àw	à/a w	11	Bankan_Tey, Ben_Tey, Bunoge, Nanga, Songhai_Kiini, Songhai_Senni, Tommo_So	bàw, bàwná, díyⁿàw
àwⁿ	à/a w̃	17	Bangime, Bankan_Tey, Ben_Tey, Jenaama, Perge_Tegu, Togo_Kan, Toro_Tegu, Yorno_So	bàwⁿú-rⁿù, bàwⁿúrⁿù, bárⁿàwⁿ
àà	àà/aː	24	Bangime, Jenaama, Tommo_So	báràà, dwàà, dàà-ndà
àɕ	à/a ɕ	1	Bangime	àɕɛ́ⁿ
à̰	à̰/a	1	Bambara	sà̰
àⁿ	àⁿ/ã	12	Bambara, Bangime, Jenaama	bànàⁿku᷆ⁿ, bànàⁿkú, bààⁿ
á	á/a	1038	Bambara, Bangime, Bankan_Tey, Ben_Tey, Bunoge, Jamsay, Jenaama, Mombo, Najamba, Nanga, Penange, Perge_Tegu, Songhai_Kiini, Songhai_Senni, Tebul_Ure, Tiranige_Diga, Togo_Kan, Tommo_So, Toro_Tegu, Yanda_Dom, Yorno_So	bà:rá_tí:, bàbá, bàdá
á:	á:/aː	145	Bankan_Tey, Ben_Tey, Bunoge, Jamsay, Mombo, Najamba, Nanga, Penange, Perge_Tegu, Songhai_Kiini, Songhai_Senni, Tebul_Ure, Tiranige_Diga, Togo_Kan, Toro_Tegu, Yanda_Dom, Yorno_So	bàbá:, bànàkù:_bá:gá, bá:
á:y	á:/aː j	3	Bunoge, Songhai_Kiini, Songhai_Senni	gá:yè, má:yò, tá:y
á:yⁿ	á:/aː j̃	1	Penange	dá:yⁿì
á:ⁿ	á:ⁿ/ãː	4	Mombo, Tebul_Ure, Togo_Kan, Yorno_So	bá:ⁿ_wúlè, gwá:ⁿ, ìsán_sá:ⁿ
áy	á/a j	15	Bangime, Bankan_Tey, Bunoge, Mombo, Songhai_Kiini, Songhai_Senni, Tebul_Ure, Tiranige_Diga, Yorno_So	báy, dí:ráy, háy
áyɛ̀	á/a j ɛ̀/ɛ	1	Bambara	dáyɛ̀lɛ́
áyⁿ	á/a j̃	3	Penange, Tiranige_Diga	jáyⁿ, káyⁿ, máyⁿ
áá	áá/aː	17	Bambara, Bangime, Jenaama, Tommo_So	báá, báákò, báárá
á̰	á̰/a	2	Bambara	bìlḛ̀-má̰, sá̰jí
áⁿ	áⁿ/ã	19	Bambara, Jenaama, Penange, Togo_Kan	bàláⁿ, báⁿ, dúmáⁿ
â	â/a	44	Bankan_Tey, Ben_Tey, Jamsay, Mombo, Najamba, Nanga, Penange, Perge_Tegu, Songhai_Kiini, Songhai_Senni, Tebul_Ure, Togo_Kan, Toro_Tegu, Yorno_So	bàrⁿâyⁿ, bâyⁿ, búsâm
â:	âː/aː	26	Bankan_Tey, Ben_Tey, Bunoge, Mombo, Najamba, Songhai_Kiini, Songhai_Senni, Togo_Kan, Yanda_Dom, Yorno_So	gùrmbâ:, gùrùmâ:, jà_jà-gâ:
â:w	â/a w	1	Ben_Tey	dâ:w
â:wⁿ	â/a w̃	1	Bankan_Tey	wⁿâ:wⁿ
â:ⁿ	â/a	1	Nanga	gâ:ⁿ
âw	â/a w	5	Bankan_Tey, Perge_Tegu, Songhai_Kiini, Yorno_So	fìsâwà:, gâw, ʔùrâw
âwⁿ	â/a w̃	1	Mombo	gâwⁿ
è	è/e	467	Bambara, Bangime, Bankan_Tey, Ben_Tey, Bunoge, Jamsay, Jenaama, Mombo, Najamba, Nanga, Penange, Perge_Tegu, Songhai_Kiini, Songhai_Senni, Tebul_Ure, Tiranige_Diga, Togo_Kan, Tommo_So, Toro_Tegu, Yanda_Dom, Yorno_So	bà:bè, bàndè, bá:ⁿ_wúlè
è:	è:/eː	29	Bunoge, Jamsay, Mombo, Nanga, Penange, Perge_Tegu, Songhai_Kiini, Songhai_Senni, Tebul_Ure, Tiranige_Diga, Yanda_Dom, Yorno_So	bè:rì, cè:, cé:lè:
è:s	è:/eː s	5	Bankan_Tey, Ben_Tey, Nanga, Songhai_Kiini	dè:sì, kè:sí, tè:sú-m
è:w	è:/eː w	1	Mombo	sè:wé
è:ⁿ	è:ⁿ/ẽː	1	Songhai_Senni	hè:ⁿ
ès	è/e s	9	Bankan_Tey, Ben_Tey, Nanga, Perge_Tegu, Toro_Tegu	bèsí, cèsú, gèsí
èw	è/e w	5	Bangime, Ben_Tey, Songhai_Kiini, Songhai_Senni, Tiranige_Diga	hèwò, hèwǒ:, kèwòò
èwⁿ	è/e w̃	2	Jenaama, Yorno_So	sèwⁿ, sèwⁿɛ́
é	é/e	478	Bambara, Bangime, Bankan_Tey, Ben_Tey, Bunoge, Jamsay, Jenaama, Mombo, Najamba, Nanga, Penange, Perge_Tegu, Songhai_Kiini, Songhai_Senni, Tebul_Ure, Tiranige_Diga, Togo_Kan, Tommo_So, Toro_Tegu, Yanda_Dom, Yorno_So	bàndí-ŋgé, bànàkù:_béré, bàné
é:	é:/eː	59	Bankan_Tey, Ben_Tey, Bunoge, Jamsay, Mombo, Najamba, Penange, Perge_Tegu, Songhai_Kiini, Songhai_Senni, Tebul_Ure, Tiranige_Diga, Togo_Kan, Yanda_Dom, Yorno_So	bé:, bé:né, bɔ̀rɔ̀_cé:ŋ
é:s	é:/eː s	1	Perge_Tegu	pé:sú
é:wⁿ	é:/eː w̃	1	Mombo	gé:wⁿè
é:ⁿ	é:ⁿ/ẽː	3	Mombo, Songhai_Senni	bé:ⁿ, bé:ⁿ_kùlɛ̀, hé:ⁿ
éw	é/e w	4	Jamsay, Nanga, Togo_Kan, Toro_Tegu	léwé, téwé, téwó
éwⁿ	é/e w̃	3	Bunoge	kóbéwⁿ, kúléwⁿ, sé:léwⁿ
éé	éé/eː	5	Bambara, Bangime, Tommo_So	kéérè, néé, pɛ̀ɛ̀néé
éⁿ	éⁿ/ẽ	2	Bambara	bíléⁿ, déⁿ
ê	ê/e	30	Bambara, Bankan_Tey, Jamsay, Nanga, Songhai_Kiini, Songhai_Senni	dêy, dìmbê-y, dòndí-yê
ê:	êː/eː	20	Ben_Tey, Bunoge, Jamsay, Mombo, Najamba, Penange	cèlê:, dìmbê:, dɔ̀:wê:
ê:wⁿ	ê:/eː w̃	1	Bunoge	nê:wⁿ
êwⁿ	ê/e w̃	1	Mombo	nêwⁿ
êⁿ	êⁿ/ẽ	1	Bankan_Tey	jè_jêⁿ-m
ì	ì/i	629	Bambara, Bangime, Bankan_Tey, Ben_Tey, Bunoge, Jamsay, Jenaama, Mombo, Najamba, Nanga, Penange, Perge_Tegu, Songhai_Kiini, Songhai_Senni, Tebul_Ure, Tiranige_Diga, Togo_Kan, Tommo_So, Toro_Tegu, Yanda_Dom, Yorno_So	bàrmì_kánì, bàrìmì_kán, bàrìyɛ́
ì:	ì:/iː	30	Bankan_Tey, Ben_Tey, Bunoge, Mombo, Najamba, Nanga, Penange, Perge_Tegu, Songhai_Kiini, Songhai_Senni, Tebul_Ure, Tiranige_Diga, Togo_Kan, Yanda_Dom, Yorno_So	bì:mbà, gì:nà, kì:
ì:s	ì:/i s	1	Songhai_Senni	fì:sà
ì:ⁿ	ì:ⁿ/ĩː	3	Jamsay, Penange	nsì:ⁿ, nsì:ⁿ-dì-gà, sì:ⁿlɛ́
ìs	ì/i s	22	Bambara, Bankan_Tey, Ben_Tey, Jenaama, Najamba, Nanga, Songhai_Kiini, Togo_Kan, Tommo_So, Toro_Tegu, Yorno_So	dìsìná:, fìsâwà:, gìsé
ìw	ì/i w	6	Bunoge, Tiranige_Diga, Toro_Tegu	jìwà_nú:, sìwò, ìwà_jíró
ìwⁿ	ì/i w̃	10	Bangime, Ben_Tey, Jamsay, Perge_Tegu, Togo_Kan, Toro_Tegu	nì-nìwⁿé, nì-nìwⁿɛ̌-m, nìwⁿá
ìì	ìì/iː	14	Bangime, Tommo_So	dìì_múgó_yàá, kwìì, kììndù
ìⁿ	ìⁿ/ĩ	9	Bangime, Jenaama, Togo_Kan	bììⁿ, bīìⁿ, nɔ̄_sìⁿ
ìⁿs	ìⁿ/ĩ s	2	Togo_Kan	ìⁿsìrⁿí, ìⁿsìrⁿí_sí:ⁿ
í	í/i	834	Bambara, Bangime, Bankan_Tey, Ben_Tey, Bunoge, Jamsay, Jenaama, Mombo, Najamba, Nanga, Penange, Perge_Tegu, Songhai_Kiini, Songhai_Senni, Tebul_Ure, Tiranige_Diga, Togo_Kan, Tommo_So, Toro_Tegu, Yanda_Dom, Yorno_So	bà:rí, bàlí-yà, bàndí-ŋgé
í:	í:/iː	96	Bankan_Tey, Ben_Tey, Bunoge, Jamsay, Mombo, Najamba, Nanga, Penange, Perge_Tegu, Songhai_Kiini, Songhai_Senni, Tebul_Ure, Tiranige_Diga, Togo_Kan, Toro_Tegu, Yorno_So	bà:rá_tí:, bìní:, bí:
í:y	í:/iː j	6	Bunoge, Jamsay, Mombo, Songhai_Kiini, Songhai_Senni	bí:yè, jìrbì_ʔí:yê, ní:yêy_yǎ:
í:yⁿí	í:/iː j̃ í/i	1	Ben_Tey	ní:yⁿí
í:yⁿɛ̀	í:/i j̃ ɛ̀/ɛ	1	Nanga	jí:yⁿɛ̀
í:ⁿ	í:ⁿ/ĩ	3	Togo_Kan	nùmɔ̀_í:ⁿ, ìⁿsìrⁿí_sí:ⁿ, í:ⁿ
íi	íi/iː	1	Bambara	míirù
íy	í/i j	27	Bambara, Bankan_Tey, Ben_Tey, Jenaama, Mombo, Najamba, Nanga, Penange, Perge_Tegu, Songhai_Kiini, Songhai_Senni, Tiranige_Diga, Tommo_So, Toro_Tegu, Yanda_Dom	bíyé, cíyà, cíyè
íyá	í/i j á/a	3	Najamba, Songhai_Kiini, Tiranige_Diga	síyá-m, álíyá, ʔíyákù
íyáy$	í/i j á/ai	1	Ben_Tey	díyáy
íyáá	í/i j áá/aː	1	Tommo_So	àdúníyáá
íyí	í/i j í/i	1	Bankan_Tey	sásíyí
íyɔ́	í/i j ɔ́/ɔ	3	Tiranige_Diga	díyɔ́, síyɔ́wⁿ, tíyɔ́
íyɔ̂ⁿ	í/i j ɔ̂ⁿ/ɔ̃	1	Songhai_Kiini	kíyɔ̂ⁿ
íyɛ̀	í/i j ɛ̀/ɛ	1	Bunoge	tíyɛ̀
íyɛ́	í/i j ɛ́/ɛ	20	Bangime, Bankan_Tey, Ben_Tey, Najamba, Penange, Tebul_Ure, Tiranige_Diga, Tommo_So, Yanda_Dom	gìnɛ̀_tíyɛ́, gíyɛ́, kùŋ_gùlà-íyɛ́
íyɛ̄	í/i j ɛ̄/ɛ	2	Jenaama	bíyɛ̄wⁿ, píyɛ̄
íyⁿ	í/i j̃	7	Bankan_Tey, Ben_Tey, Perge_Tegu, Songhai_Kiini, Songhai_Senni	díyⁿà-m, díyⁿàw, díyⁿàwⁿ
íyⁿɔ̀	í/i j̃ ɔ̀/ɔ	1	Bankan_Tey	síyⁿɔ̀-yⁿ
íyⁿɛ̀	í/i j̃ ɛ̀/ɛ	1	Songhai_Kiini	míyⁿɛ̀
íyⁿɛ́	í/i j̃ ɛ́/ɛ	4	Bangime, Bankan_Tey, Nanga, Tommo_So	níyⁿɛ́, tíyⁿɛ́, ɡàʤíyⁿɛ́
íyⁿɛ̂	í/i j̃ ɛ̂/ɛ	1	Nanga	síyⁿɛ̂
íááⁿ	í/i ááⁿ/ãː	1	Tommo_So	píááⁿ-dɛ̀
íí	íí/iː	10	Bambara, Bangime, Jenaama, Songhai_Kiini, Tommo_So	díí, gɔ̀:ⁿ_kíí, híílā
ííy	íí/iː j	1	Bangime	kííyè
íɛ́	í/i ɛ́/ɛ	2	Tommo_So	pàdíɛ́, síɛ́
íⁿ	íⁿ/ĩ	11	Bambara, Bankan_Tey, Jenaama, Togo_Kan	gíríⁿ-máⁿ, jógíⁿ, míⁿ
î	î/i	46	Bankan_Tey, Ben_Tey, Jamsay, Najamba, Nanga, Penange, Perge_Tegu, Songhai_Kiini, Songhai_Senni, Toro_Tegu, Yorno_So	bànjî, bɛ́rî, déŋî
î:	î:/iː	37	Bankan_Tey, Ben_Tey, Mombo, Najamba, Nanga, Penange, Togo_Kan, Yorno_So	bònî:_bàn-ɛ́:, dù-wî:, dɛ̀ŋ-î:
î:ⁿ	î:ⁿ/ĩː	11	Bankan_Tey, Ben_Tey, Jamsay, Perge_Tegu	jɔ̀wⁿɔ̀_î:ⁿ, màtî:ⁿ, mòtî:ⁿ
ññ	ɲː	3	Songhai_Kiini	dìññôŋ, kúññɛ̀, záññɔ́:
ò	ò/o	450	Bambara, Bangime, Bankan_Tey, Ben_Tey, Bunoge, Jamsay, Jenaama, Mombo, Najamba, Nanga, Penange, Perge_Tegu, Songhai_Kiini, Songhai_Senni, Tebul_Ure, Tiranige_Diga, Togo_Kan, Tommo_So, Toro_Tegu, Yanda_Dom, Yorno_So	bà:kò, bànàŋkû:-ŋgò, bàryò
ò:	ò:/o	22	Ben_Tey, Jamsay, Mombo, Najamba, Nanga, Penange, Songhai_Kiini, Songhai_Senni, Tebul_Ure, Tiranige_Diga, Yanda_Dom	dò:n, dò:ní, dò:nò
ò:s	ò:/o s	5	Ben_Tey, Nanga, Perge_Tegu, Songhai_Senni	kò:sò, lò:sí, lò:sú-m
ò:w	ò:/o w	1	Penange	tò:wà
ò:ⁿ	ò:ⁿ/õ	1	Mombo	mì:_búnjò:ⁿ_ándé
òs	ò/o s	6	Bankan_Tey, Perge_Tegu, Songhai_Senni, Toro_Tegu	bànàkùrù-wòsó, dòwⁿ_òsú, lòsù-rⁿu
òw	ò/o w	7	Songhai_Kiini, Songhai_Senni	bòryòw, dìnòw, dúŋgúrì-yòw
òwⁿ	ò/o w̃	4	Jenaama, Penange, Tiranige_Diga, Toro_Tegu	bòwⁿ, dòwⁿ_òsú, pòwⁿ
òò	òò/oː	6	Bangime, Penange, Tommo_So	bànú_gòò-ndó, jòòlú, kèwòò
ò̰	ò̰/o	1	Bambara	dò̰
òⁿ	òⁿ/õ	3	Jenaama	kòlòⁿ, tùwɔ̄_bùlòⁿ, yùgòⁿ
ó	ó/o	580	Bambara, Bangime, Bankan_Tey, Ben_Tey, Bunoge, Jamsay, Jenaama, Mombo, Najamba, Nanga, Penange, Perge_Tegu, Songhai_Kiini, Songhai_Senni, Tebul_Ure, Tiranige_Diga, Togo_Kan, Tommo_So, Toro_Tegu, Yanda_Dom, Yorno_So	bànàkùrù-wòsó, bànú_gòò-ndó, bá_músó
ó:	ó:/oː	57	Bankan_Tey, Bunoge, Jamsay, Mombo, Nanga, Penange, Perge_Tegu, Songhai_Kiini, Songhai_Senni, Tebul_Ure, Tiranige_Diga, Togo_Kan, Yanda_Dom, Yorno_So	bógó:rò, dó:, dó:bú
ó:s	ó:/oː s	6	Ben_Tey, Nanga, Perge_Tegu, Songhai_Kiini, Songhai_Senni	bó:só, bó:sú, tó:sí
ó:w	ó:/oː w	3	Bunoge, Mombo, Tiranige_Diga	tó:wà, tó:wá
ó:ⁿ	ó:ⁿ/õː	2	Mombo, Tiranige_Diga	gó:ⁿ, kùnjùgà_kó:ⁿ_kúndá
ó:ⁿs	ó:ⁿ/õː s	1	Toro_Tegu	tó:ⁿsú
ós	ó/o s	6	Bankan_Tey, Ben_Tey, Nanga, Perge_Tegu, Toro_Tegu	àrⁿà_ósú, ósî, ósù
ósós	ó/o s ó/o s	1	Bankan_Tey	ósósô:
ów	ó/o w	5	Jamsay, Songhai_Kiini, Tiranige_Diga, Toro_Tegu	gówó, lów, sów
ówⁿ	ó/o w̃	2	Tiranige_Diga	bówⁿ, kówⁿ
óó	óó/oː	3	Tommo_So	póó, yóó
óⁿ	óⁿ/õ	5	Bambara, Jenaama	fárá_búlóⁿ, kólóⁿ_kálá, láⁿ-kólóⁿ
ô	ô/o	20	Bankan_Tey, Ben_Tey, Jamsay, Mombo, Nanga, Penange, Perge_Tegu, Songhai_Kiini, Songhai_Senni, Toro_Tegu, Yorno_So	bôy, dìññôŋ, fòndô
ô:	ô:/oː	14	Bankan_Tey, Ben_Tey, Najamba, Nanga, Songhai_Kiini, Songhai_Senni, Toro_Tegu	dô:n, gô:, gô:n
ô:ⁿ	ô:ⁿ/õː	2	Mombo	bô:ⁿ, jô:ⁿ
ôw	ô/o w	3	Bankan_Tey, Songhai_Kiini	kúsôw, tó_tôw, wôw
ù	ù/u	677	Bambara, Bangime, Bankan_Tey, Ben_Tey, Bunoge, Jamsay, Jenaama, Mombo, Najamba, Nanga, Penange, Perge_Tegu, Songhai_Kiini, Songhai_Senni, Tebul_Ure, Tiranige_Diga, Togo_Kan, Tommo_So, Toro_Tegu, Yanda_Dom, Yorno_So	bànàkùl_táná, bànàkùrù-wòsó, bànànkù_tímɛ́
ù:	ù:/uː	26	Bankan_Tey, Ben_Tey, Jamsay, Najamba, Penange, Perge_Tegu, Songhai_Kiini, Songhai_Senni, Togo_Kan, Yorno_So	bànàkù:_bá:gá, bànàkù:_béré, dágù:
ù:s	ù:/uː s	2	Ben_Tey, Perge_Tegu	pù:sù_pà:sá
ù:ⁿ	ù:ⁿ/ũː	1	Mombo	báŋgù:ⁿ
ùs	ù/u s	29	Bankan_Tey, Ben_Tey, Bunoge, Jamsay, Najamba, Nanga, Perge_Tegu, Songhai_Senni, Toro_Tegu, Yorno_So	bùsù-mó, dùsú, dùsú-m
ùw	ù/u w	26	Bangime, Bankan_Tey, Ben_Tey, Jamsay, Jenaama, Songhai_Kiini, Songhai_Senni, Tiranige_Diga, Togo_Kan, Toro_Tegu, Yanda_Dom, Yorno_So	dùwá_tí, dùwó, dùwōⁿ
ùwⁿ	ù/u w̃	13	Bangime, Ben_Tey, Jamsay, Perge_Tegu	jì_jùwⁿó, kùwⁿɛ̀ɛ̀, nùwⁿò_šî:ⁿ
ùù	ùù/uː	3	Bangime, Jenaama	bànàŋ̀kùù, tùùmìⁿ, wùùtīnā
ùⁿ	ùⁿ/ũ	7	Bambara, Bangime, Jenaama, Togo_Kan	kùùⁿ, kùⁿ, kùⁿ_kɛ́nɛ́
ú	ú/u	1010	Bambara, Bangime, Bankan_Tey, Ben_Tey, Bunoge, Jamsay, Jenaama, Mombo, Najamba, Nanga, Penange, Perge_Tegu, Songhai_Kiini, Songhai_Senni, Tebul_Ure, Tiranige_Diga, Togo_Kan, Tommo_So, Toro_Tegu, Yanda_Dom, Yorno_So	bàdú, bànàŋkú, bànàⁿkú
ú:	ú:/uː	45	Bankan_Tey, Ben_Tey, Bunoge, Jamsay, Mombo, Najamba, Penange, Perge_Tegu, Songhai_Kiini, Songhai_Senni, Tebul_Ure, Tiranige_Diga, Togo_Kan, Toro_Tegu, Yanda_Dom, Yorno_So	bànáŋkú:, bú:, bú:dù
ú:yí	ú:/uː j í/i	2	Ben_Tey, Nanga	ú:yí
ú:ⁿ	ú:ⁿ/ũː	4	Jamsay, Perge_Tegu, Tebul_Ure	bàrⁿàkú:ⁿ, sùrⁿó_sú:ⁿ, tɛ̀mɛ̀_kú:ⁿ
úy	ú/u j	12	Ben_Tey, Bunoge, Mombo, Penange, Songhai_Kiini, Tommo_So, Yorno_So	dúy-yɛ̀, gúyé, kúy
úyú	ú/u j ú/u	1	Bangime	múyúmɛ̀
úyɔ́	ú/u j ɔ́/ɔ	4	Ben_Tey, Tommo_So	núyɔ́, súyɔ́
úyɛ́	ú/u j ɛ́/ɛ	1	Bangime	búyɛ́
úyɛ̂	ú/u j ɛ̂/ɛ	1	Nanga	súyɛ̂
úyⁿ	ú/u j̃	3	Mombo, Nanga, Toro_Tegu	gúyⁿó_gǔyⁿ, núyⁿ, núyⁿà
úyⁿɔ̀	ú/u j̃ ɔ̀/ɔ	1	Ben_Tey	súyⁿɔ̀-yⁿ
úú	úú/uː	5	Bambara, Bangime, Jenaama, Tommo_So	dúúrú, kúú, púújī
úúⁿ	úúⁿ/ũː	2	Bangime	kúúⁿ
úⁿ	úⁿ/ũ	10	Bambara, Bangime, Ben_Tey, Togo_Kan	cúⁿ, dúⁿ, fɔ́ⁿkúⁿ
û	û/u	22	Bankan_Tey, Ben_Tey, Jamsay, Najamba, Penange, Perge_Tegu, Songhai_Kiini, Songhai_Senni, Toro_Tegu, Yanda_Dom, Yorno_So	bánáŋkû, gìrè_mpûl, gìrè_nûm
û:	û:/uː	20	Bankan_Tey, Ben_Tey, Najamba, Nanga, Yorno_So	bànàŋkû:-ŋgò, bú_bùjû:, gèndè_kû:
û:ⁿ	û:ⁿ/ũː	2	Jamsay, Mombo	bànàkû:ⁿ, bálákû:ⁿ
ý	ý/y	7	Tommo_So, Yorno_So	gì_gìyè_tànnàà-ý, gìrì_ý, kòbìlì-ý
ýs	ý/y s	1	Songhai_Kiini	kàmbɛ̀_ýsè
ýⁿ	ýⁿ/ỹ	2	Yorno_So	dùmì-ýⁿ, dùmɲì-ýⁿ
ā	ā/a	50	Bangime, Jenaama	bààhú-mā, bā, dámbā
āw	ā/a w	1	Bangime	yāwɔ̀
āwⁿ	ā/a	4	Bangime, Jenaama	kíbāwⁿ, kāwⁿɔ̀, sàmùnāwⁿ
āā	āā/aː	5	Bangime, Jenaama	bāā_sɔ̀wⁿ, kāā, sāājū
āⁿ	āⁿ/ã	5	Jenaama	dāāⁿ, nùmà-sāⁿ, pàgùnāⁿ
ē	ē/e	21	Bangime, Jenaama	bē, dē, dēbē
ēwⁿ	ē/e w̃	4	Jenaama	bànjēwⁿ, mbēwⁿ, pùlēwⁿ
ě	ě/e	34	Bankan_Tey, Ben_Tey, Jamsay, Mombo, Najamba, Nanga, Perge_Tegu, Songhai_Kiini, Tebul_Ure, Togo_Kan, Toro_Tegu, Yanda_Dom	bàr_měyⁿ, bě, dě-n
ě:	ě:/eː	9	Jamsay, Mombo, Nanga, Tebul_Ure, Tiranige_Diga, Togo_Kan	dùmbě:, dě:, gà:wⁿě:
ī	ī/i	46	Bangime, Jenaama	bīlà, bīrè, bīìⁿ
īw	ī/i w	1	Bangime	tīwɔ̀
īī	īī/iː	5	Bangime, Jenaama	kwīī_sɔ̄ẁⁿ, mīīlà, pīīrī
īⁿ	īⁿ/ĩ	2	Jenaama	jīⁿ, pīⁿ
ń	ń/n̩	10	Bangime, Mombo, Nanga, Tebul_Ure, Tommo_So, Yanda_Dom	dà:nà_ńkálúmá, kɛ́rɛ́ń_dɛ́kɛ̀, ńdì
ŋ	ŋ	485	Bambara, Bangime, Bankan_Tey, Ben_Tey, Bunoge, Fulfulde, Jamsay, Jenaama, Mombo, Najamba, Nanga, Penange, Perge_Tegu, Songhai_Kiini, Songhai_Senni, Tebul_Ure, Tiranige_Diga, Togo_Kan, Tommo_So, Toro_Tegu, Yanda_Dom, Yorno_So	bàndí-ŋgé, bànàŋkú, bànàŋkû:-ŋgò
ŋw	ŋ w	4	Najamba	ŋwànǎ:, ŋwǎn, ŋwɛ́
ŋwⁿ	ŋ w̃	1	Bangime	tɔ̀ŋwⁿɛ̀ɛ̀
ŋŋ	ŋː	7	Bangime, Bankan_Tey, Ben_Tey, Fulfulde, Jamsay, Najamba, Tiranige_Diga	kaŋŋe, kàŋŋɛ̀, kàŋŋɛ́
ŋ̀	ŋ̀/ŋ̍	5	Bangime, Bankan_Tey, Najamba, Penange, Togo_Kan	bànàŋ̀kùù, páŋ̀, ŋ̀gwɛ̌:
ŋ́	ŋ́/ŋ̍	1	Toro_Tegu	dɔ̀ymú-dà-ŋ́
ŋ̄	ŋ̄/ŋ̍	2	Bangime	nìī-ŋ̄-kūwⁿɛ̀ɛ̀, ɥìyɛ̄ŋ̄_kò_ŋáwⁿ
ō	ō/o	30	Bangime, Jenaama	būrōŋ, dēmō, dō
ōwⁿ	ō/o w̃	1	Jenaama	tíyōwⁿ
ōⁿ	ōⁿ/õ	7	Jenaama	būwōⁿ, dùwōⁿ, kābōⁿ
š	ʃ	4	Perge_Tegu	nùwⁿò_šî:ⁿ, ìšú, šì:ná
ū	ū/u	41	Bangime, Jenaama	būrōŋ, būwōⁿ, būwɔ̀
ūyɛ̀	ū/u j ɛ̀/ɛ 	1	Bangime	kūyɛ̀
ūyⁿɛ̀	ū/u j̃ ɛ̀/ɛ	1	Bangime	pūyⁿɛ̀
ūⁿ	ūⁿ/ũ	3	Jenaama	kāmūⁿ, sībē-nūⁿ, sūⁿ
ǎ	ǎ/a	75	Bankan_Tey, Ben_Tey, Jamsay, Najamba, Nanga, Perge_Tegu, Songhai_Kiini, Tebul_Ure, Togo_Kan, Tommo_So, Toro_Tegu, Yanda_Dom, Yorno_So	bàndǎy, bànǎyⁿ, bú:sǎ-m
ǎ:	ǎ:/aː	92	Bankan_Tey, Ben_Tey, Bunoge, Jamsay, Najamba, Nanga, Perge_Tegu, Songhai_Kiini, Tebul_Ure, Togo_Kan, Yanda_Dom, Yorno_So	bèmbǎ:, bèyǎ:, bǎ:
ǎ:ⁿ	ǎ:ⁿ/ãː	3	Jamsay, Yorno_So	jǎ:ⁿ, tǎ:ⁿ, àŋgǎ:ⁿ
ǎw	ǎ/a w	6	Bankan_Tey, Nanga, Tiranige_Diga, Toro_Tegu, Yanda_Dom	dǎw-rí, gǎw, kǎwrì-káŋ
ǎ̰	ǎ/a	1	Bambara	sísǎ̰
ǐ	ǐ/i	18	Bankan_Tey, Ben_Tey, Jamsay, Najamba, Songhai_Kiini, Tebul_Ure, Togo_Kan, Toro_Tegu, Yanda_Dom, Yorno_So	bìrǐ-y, bòrkǐn, bǐl
ǐ:	ǐ:/iː	20	Bankan_Tey, Ben_Tey, Jamsay, Najamba, Nanga, Perge_Tegu, Togo_Kan, Yorno_So	dǐ:, jìjǐ:, jǐ:rì
ǐ:ⁿ	ǐ:ⁿ/ĩː	4	Jamsay, Togo_Kan, Yanda_Dom, Yorno_So	dǐ:ⁿ, gǐ:ⁿ, sǐ:ⁿ
ǐw	ǐ/i w	1	Toro_Tegu	bǐw
ǐⁿ	ǐ/i 	3	Togo_Kan	dǐⁿ, tǐⁿ
ǒ	ǒ/o	27	Bankan_Tey, Ben_Tey, Jamsay, Najamba, Nanga, Perge_Tegu, Tebul_Ure, Togo_Kan, Tommo_So, Toro_Tegu, Yorno_So	bóngó_bǒn, dǒ-m, dǒm
ǒ:	ǒ:/oː	35	Bankan_Tey, Ben_Tey, Jamsay, Najamba, Nanga, Perge_Tegu, Songhai_Kiini, Tebul_Ure, Togo_Kan, Toro_Tegu, Yorno_So	bǒ:nɔ́, dòdǒ:, dùdǒ:
ǒy	ǒ/o j	5	Bankan_Tey, Najamba, Nanga, Perge_Tegu	gòrǒy, jǒy, lǒy
ǒyⁿ	ǒ/o j̃	1	Toro_Tegu	nǒyⁿ
ǔ	ǔ/u	25	Bankan_Tey, Ben_Tey, Bunoge, Jamsay, Najamba, Nanga, Perge_Tegu, Tebul_Ure, Toro_Tegu, Yanda_Dom, Yorno_So	dǔ, dǔm, gàrǔ-m
ǔ:	ǔ:/uː	8	Bankan_Tey, Jamsay, Nanga, Songhai_Kiini, Tebul_Ure, Toro_Tegu, Yorno_So	bǔ:jù_bà:jù, dǔ:yí, mbǔ:
ǔ:ⁿ	ǔ:ⁿ/ũː	1	Ben_Tey	sǔ:ⁿ_súⁿ
ǔw	ǔ/u w	1	Toro_Tegu	lǔw
ǔⁿ	ǔⁿ/ũ	2	Togo_Kan	tǔⁿ_ájìrì, yà:tǔⁿ
ǹ	ǹ/n̩	20	Bankan_Tey, Najamba, Nanga, Tebul_Ure, Tommo_So	ǹdò_sìgí, ǹdò_tùndí, ǹdòsú-m
ǹs	ǹ/n̩ s	1	Jenaama	ǹsīnì
ɓ	ɓ	13	Fulfulde	boɓoori, haɓu-de, heɓu-de
ɓɓ	ɓː	5	Fulfulde	boɓɓaa-de, deɓɓo, haɓɓu-de
ɔ	ɔ	3	Bambara, Toro_Tegu	gɔŋ, tɔɡɔ
ɔ̀	ɔ̀/ɔ	401	Bambara, Bangime, Bankan_Tey, Ben_Tey, Bunoge, Jamsay, Jenaama, Mombo, Najamba, Nanga, Penange, Perge_Tegu, Songhai_Kiini, Songhai_Senni, Tebul_Ure, Tiranige_Diga, Togo_Kan, Tommo_So, Toro_Tegu, Yanda_Dom, Yorno_So	bìrɔ̀_ndɔ́ⁿ, bāā_sɔ̀wⁿ, būwɔ̀
ɔ̀:	ɔ̀:/ɔː	35	Bankan_Tey, Ben_Tey, Bunoge, Jamsay, Mombo, Najamba, Nanga, Penange, Songhai_Kiini, Tiranige_Diga, Togo_Kan, Yanda_Dom	bàndà_kɔ̀:rɔ̌y, dúlɔ̀:, dɔ̀:wê:
ɔ̀:ⁿ	ɔ̀:ⁿ/ɔ̃ː	2	Penange, Songhai_Kiini	gɔ̀:ⁿ, gɔ̀:ⁿ_kíí
ɔ̀y	ɔ̀/ɔ j	7	Bangime, Najamba, Toro_Tegu, Yorno_So	dɔ̀ymú-dà-ŋ́, kɛ̀:sǔm_má_pɔ̌:nɔ̀y, pɔ̌:nɔ̀y
ɔ̀yɔ́	ɔ̀/ɔ j ɔ́/ɔ	2	Jamsay, Perge_Tegu	ɔ̀yɔ́
ɔ̀yɔ̌:ⁿ	ɔ̀/ɔ j ɔ̌:ⁿ/ɔ̃ː	1	Yorno_So	ɔ̀gɔ̀yɔ̌:ⁿ
ɔ̀yⁿ	ɔ̀/ɔ j̃	7	Bankan_Tey, Ben_Tey, Nanga, Yorno_So	dɔ̀yⁿ_ɔ̌yⁿ, kɔ̀rⁿɔ̀ŋɔ̀yⁿ_dàrgá, núwⁿɔ̀yⁿ
ɔ̀yⁿɔ́	ɔ̀/ɔ j̃ ɔ́/ɔ	2	Jamsay, Perge_Tegu	dɔ̀yⁿɔ́
ɔ̀yⁿɛ̀	ɔ̀/ɔ j̃ ɛ̀/ɛ	1	Yanda_Dom	dɔ̀yⁿɛ̀
ɔ̀yⁿɛ́	ɔ̀/ɔ j̃ ɛ́/ɛ	1	Togo_Kan	dɔ̀yⁿɛ́
ɔ̀ɔ̀	ɔ̀ɔ̀/ɔː	3	Jenaama, Tommo_So	kɔ̀ɔ̀gɔ̀wⁿ, kɔ̀ɔ̀mɔ́, sùgū_kɔ̀ɔ̀njɛ́wⁿ
ɔ̀ɔ́	ɔ̀ɔ́/ɔː	2	Tommo_So	dɔ̀ɔ́, sɔ̀ɔ́_sɔ́ɔ́
ɔ̀ɛ́	ɔ̀/ɔ ɛ́/ɛ	1	Tebul_Ure	dɔ̀ɛ́
ɔ̀ɛ̌:	ɔ̀/ɔ ɛ̌:/ɛː	1	Tebul_Ure	gɔ̀ɛ̌:
ɔ̀ⁿ	ɔ̀ⁿ/ɔ̃	8	Bambara, Jenaama, Najamba, Togo_Kan	dɔ̀ⁿ_kílí, jɔ̀ⁿtúrú, kɔ̀nɔ̀ⁿtɔ́ⁿ
ɔ́	ɔ́/ɔ	481	Bambara, Bangime, Bankan_Tey, Ben_Tey, Bunoge, Jamsay, Jenaama, Mombo, Najamba, Nanga, Penange, Perge_Tegu, Songhai_Kiini, Tebul_Ure, Tiranige_Diga, Togo_Kan, Tommo_So, Toro_Tegu, Yanda_Dom, Yorno_So	bǒ:nɔ́, bɔ̀dɔ́, bɔ̀jɔ́
ɔ́:	ɔ́:/ɔː	68	Bankan_Tey, Ben_Tey, Bunoge, Jamsay, Mombo, Najamba, Nanga, Penange, Perge_Tegu, Songhai_Kiini, Tebul_Ure, Tiranige_Diga, Togo_Kan, Toro_Tegu, Yanda_Dom, Yorno_So	bìndù_gìndɔ́:, bírɔ́:, dɔ́:bè
ɔ́:y	ɔ́:/ɔː j	1	Tiranige_Diga	sɔ́:y
ɔ́:ⁿ	ɔ́:ⁿ/ɔ̃ː	2	Ben_Tey, Togo_Kan	kɔ́:ⁿ
ɔ́y	ɔ́/ɔ j	6	Bangime, Songhai_Kiini, Togo_Kan, Tommo_So	kɔ́yrɛ́, lɔ́y, pɛ̌lɔ́y
ɔ́yɛ́	ɔ́/ɔ j ɛ́/ɛ	2	Mombo, Najamba	wɔ́yɛ́, ɔ́yɛ́
ɔ́yⁿ	ɔ́/ɔ j̃	3	Tebul_Ure, Toro_Tegu, Yanda_Dom	ɔ́yⁿ
ɔ́yⁿɔ́	ɔ́/ɔ j̃ ɔ́/ɔ	4	Bankan_Tey, Ben_Tey, Nanga, Yanda_Dom	ɔ́yⁿɔ́
ɔ́ɔ̀	ɔ́ɔ̀/ɔː	1	Tommo_So	ɔ́ɔ̀lɔ̀
ɔ́ɔ́	ɔ́ɔ́/ɔː	7	Bambara, Bangime, Tommo_So	nɔ́ɔ́, nɔ́ɔ́-ndɛ́, nɔ̌y_nɔ́ɔ́
ɔ́ɛ́	ɔ́/ɔ ɛ́/ɛ	1	Tommo_So	kɔ́ɛ́
ɔ́ɛ́ⁿ	ɔ́/ɔ ɛ́ⁿ/ɛ̃	1	Tommo_So	kɛ̀ɲɲɛ́_ɔ́ɛ́ⁿ
ɔ́ⁿ	ɔ́ⁿ/ɔ̃	11	Bambara, Bangime, Jenaama, Togo_Kan, Toro_Tegu	bìrɔ̀_ndɔ́ⁿ, bɔ́ⁿ, dɔ́ⁿ
ɔ̂	ɔ̂/ɔ	14	Bankan_Tey, Ben_Tey, Nanga, Perge_Tegu, Yorno_So	dɔ̂n, lɔ̀gɔ̂, lɔ̀sɔ̂
ɔ̂:	ɔ̂:/ɔː	8	Bankan_Tey, Ben_Tey, Mombo, Najamba, Nanga, Togo_Kan	gɔ̀mɔ̂:, kɔ̀mɔ̂:, lɔ̀sɔ̂:
ɔ̂:ⁿ	ɔ̂:ⁿ/ɔ̃ː	1	Mombo	gɔ̂:ⁿ
ɔ̂y	ɔ̂/ɔ j	1	Yorno_So	sɔ̂y
ɔ̄	ɔ̄/ɔ	37	Bangime, Jenaama	bɔ̄ɡɔ̀, cɔ̄bì, cɔ̄llɔ̀
ɔ̄ɔ̄	ɔ̄ɔ̄/ɔː	3	Bangime, Jenaama	hɔ̄ɔ̄rɔ̀, hɔ̄ɔ̄rɔ̄wⁿ, pɔ̄ɔ̄-kɛ̀
ɔ̄ⁿ	ɔ̄ⁿ/ɔ̃	1	Jenaama	tùwɔ̄-kɔ̄lɔ̄ⁿ
ɔ̌	ɔ̌/ɔ	21	Bankan_Tey, Ben_Tey, Jamsay, Perge_Tegu, Tebul_Ure, Togo_Kan, Toro_Tegu, Yanda_Dom, Yorno_So	dɔ̌, dɔ̌n, gùlɔ̌-m
ɔ̌:	ɔ̌:/ɔː	37	Bankan_Tey, Ben_Tey, Jamsay, Najamba, Nanga, Perge_Tegu, Songhai_Kiini, Tebul_Ure, Togo_Kan, Yorno_So	bɔ̌:, dɔ̌:, gìrè_nɔ̌:
ɔ̌:ⁿ	ɔ̌:ⁿ/ɔ̃ː	2	Perge_Tegu, Yorno_So	gɔ̌:ⁿ, mɔ̌:ⁿ
ɔ̌y	ɔ̌/ɔ j	6	Bankan_Tey, Jamsay, Mombo, Tommo_So	bàndà_kɔ̀:rɔ̌y, bày_sɔ̌y, dɔ̌y
ɔ̌yⁿ	ɔ̌/ɔ j̃	8	Bankan_Tey, Ben_Tey, Jamsay, Nanga, Perge_Tegu, Togo_Kan, Yorno_So	dɔ̀yⁿ_ɔ̌yⁿ, dɔ̌yⁿ, gɔ̌yⁿ
ɔ̌ⁿ	ɔ̌ⁿ/ɔ̃	1	Togo_Kan	sɔ̌ⁿ
ɔ̯á:ⁿ	ɔ̯/ɔ á:ⁿ/ãː	1	Tebul_Ure	dɔ̯á:ⁿ
ɲɔ̰̀gírí	ɲ ɔ̰̀/ɔ g í/i r í/i	1	Bambara	ɲɔ̰̀gírí
ɔ̰́	ɔ̰́/ɔ	2	Bambara	hɔ́rɔ̰́, kɔ̀lɔ̰́
ɔ᷈:	ɔ᷈:/ɔː	5	Bankan_Tey, Ben_Tey, Najamba, Nanga	gɔ᷈:, gɔ᷈:w, kɔ̀rɔ̀ŋ_kɔ᷈:
ɔ᷈:ⁿ	ɔ᷈:ⁿ/ɔ̃ː	1	Ben_Tey	gɔ᷈:ⁿm
ɕ	ɕ	1	Bangime	ɕìì-rì
ɗ	ɗ	23	Fulfulde	abbi-raaɗo, boɗee-jo, famɗu-de
ɗɗ	ɗː	7	Fulfulde	faɗɗu-de, fuɗɗu-de, jeɗɗi
ə̀	ə̀/ə	3	Jenaama, Yanda_Dom	kə̀, ʔə̀lò_tùnù, ʔə̀ɲɛ̀
ə́	ə́/ə	5	Jenaama, Yanda_Dom	kə́gə̄, ʔə́lɛ́, ʔə́nárⁿá
ə̄	ə̄/ə	1	Jenaama	kə́gə̄
ə̄ə̄	ə̄ə̄/əː	1	Jenaama	gə̄ə̄wⁿ
ɛ	ɛ	6	Bambara, Jamsay, Tommo_So	bɛrɛ, kɛlɛ, táŋá-nɛ
ɛ̀	ɛ̀/ɛ	503	Bambara, Bangime, Bankan_Tey, Ben_Tey, Bunoge, Jamsay, Jenaama, Mombo, Najamba, Nanga, Penange, Perge_Tegu, Songhai_Kiini, Tebul_Ure, Tiranige_Diga, Togo_Kan, Tommo_So, Toro_Tegu, Yanda_Dom, Yorno_So	bandɛ̀, bàrà_ɛ̀mbɛ̌y, bé:ⁿ_kùlɛ̀
ɛ̀:	ɛ̀:/ɛː	39	Bunoge, Mombo, Najamba, Nanga, Penange, Perge_Tegu, Songhai_Kiini, Tebul_Ure, Tiranige_Diga, Yanda_Dom	bàrà_ɛ̀:mbɛ́, bárⁿɛ̀:, cɛ̀:jɔ̀
ɛ̀:ⁿ	ɛ̀:ⁿ/ɛ̃ː	1	Penange	gɛ̀:ⁿ
ɛ̀y	ɛ̀/ɛ j	3	Jamsay, Najamba, Yanda_Dom	kɛ́:jɛ̀y, pɛ̀y, pɛ́llɛ̀y
ɛ̀yɛ́	ɛ̀/ɛ j ɛ́/ɛ	1	Jamsay	jɛ̀yɛ́
ɛ̀yⁿ	ɛ̀/ɛ j̃	2	Bankan_Tey, Ben_Tey	ɛ́mmɛ̀yⁿ, ɛ́wⁿɛ̀yⁿ
ɛ̀ɛ̀	ɛ̀ɛ̀/ɛː	14	Bangime, Tommo_So	dɔ̄rɛ̀ɛ̀, dɛ̀ɛ̀-rɛ̀, dɛ̀ɛ̀rù
ɛ̀ɛ̀ⁿ	ɛ̀ɛ̀ⁿ/ɛ̃ː	1	Bangime	nɛ̀ɛ̀ⁿ
ɛ̀ɛ́	ɛ̀ɛ́/ɛː	2	Tommo_So	bɛ̀_bɛ̀ɛ́, bɛ̀ɛ́
ɛ̀ⁿ	ɛ̀ⁿ/ɛ̃	2	Bangime, Toro_Tegu	dēɡē_cɛ̀ⁿ, ɛ̀ⁿsá
ɛ́	ɛ́/ɛ	655	Bambara, Bangime, Bankan_Tey, Ben_Tey, Bunoge, Jamsay, Jenaama, Mombo, Najamba, Nanga, Penange, Perge_Tegu, Songhai_Kiini, Tebul_Ure, Tiranige_Diga, Togo_Kan, Tommo_So, Toro_Tegu, Yanda_Dom, Yorno_So	bànànkù_tímɛ́, bàrà_ɛ̀:mbɛ́, bá:-ndɛ́
ɛ́:	ɛ́:/ɛː	86	Bankan_Tey, Ben_Tey, Bunoge, Jamsay, Mombo, Najamba, Nanga, Penange, Perge_Tegu, Songhai_Kiini, Tebul_Ure, Tiranige_Diga, Togo_Kan, Toro_Tegu, Yanda_Dom, Yorno_So	bìnɛ́:, bònî:_bàn-ɛ́:, bɛ̀rɛ́:
ɛ́:y	ɛ́:/ɛː j	1	Tebul_Ure	pɛ́:y
ɛ́:ⁿ	ɛ́:ⁿ/ɛ̃ː	4	Jamsay, Songhai_Kiini, Togo_Kan	hɛ́:ⁿ, pɛ́:ⁿ, tɛ́:ⁿ
ɛ́y	ɛ́/ɛ j	3	Tommo_So, Yorno_So	lɛ́y, pɛ́:lɛ́y, wɛ́y
ɛ́yɔ́	ɛ́/ɛ j ɔ́/ɔ	1	Tiranige_Diga	jɛ́yɔ́
ɛ́yⁿ	ɛ́/ɛ j̃	4	Bankan_Tey, Ben_Tey, Tebul_Ure	í:rⁿɛ́yⁿ, ɛ́yⁿ
ɛ́ɛ̀	ɛ́ɛ̀/ɛː	1	Bangime	ŋúɥⁿɛ́ɛ̀
ɛ́ɛ́	ɛ́ɛ́/ɛː	1	Jenaama	tìgè_kɛ́ɛ́gū
ɛ́ɛ́ⁿ	ɛ́ɛ́ⁿ/ɛ̃ː	2	Bangime, Tommo_So	pɛ́ɛ́ⁿ
ɛ́ⁿ	ɛ́ⁿ/ɛ̃	9	Bambara, Bangime, Tebul_Ure, Togo_Kan	dɛ̀bɛ́ⁿ, dɛ̀nɛ́ⁿ, fɛ́gɛ́ⁿ
ɛ̂	ɛ̂/ɛ	20	Bankan_Tey, Ben_Tey, Jamsay, Nanga, Perge_Tegu, Toro_Tegu, Yanda_Dom, Yorno_So	dɛ̀:ndɛ̂, dɛ̌njɛ̂, káŋɛ̂
ɛ̂:	ɛ̂:/ɛː	21	Bankan_Tey, Ben_Tey, Bunoge, Mombo, Najamba, Nanga, Perge_Tegu, Yorno_So	bɛ̂:ŋgò, cɛ̂:, dw-ɛ̂:
ɛ̂:ⁿ	ɛ̂:ⁿ/ɛ̃ː	1	Perge_Tegu	gɛ̂:ⁿ
ɛ̂y	ɛ̂/ɛ j	3	Bankan_Tey, Ben_Tey, Najamba	cɛ̀rɛ̂y, kɛ̀rɛ̂y, swɛ̂y
ɛ̂yⁿ	ɛ̂/ɛ j̃	1	Jamsay	nɛ̂yⁿ
ɛ̂ⁿ	ɛ̂ⁿ/ɛ̃	1	Bankan_Tey	ɔ̀:ɲɛ̂ⁿ-m
ɛ̄	ɛ̄/ɛ	23	Bangime, Jenaama	dɛ̄gɛ̄_náwⁿ, gɛ́ŋgɛ̄, kùgù_lɛ̄wⁿ
ɛ̄ɛ̀ⁿ	ɛ̄ɛ̀ⁿ/ɛ̃ː	1	Bangime	kɛ̄ɛ̀ⁿ
ɛ̄ɛ̄	ɛ̄ɛ̄/ɛː	3	Jenaama	cɛ̄ɛ̄m, kɛ̄ɛ̄gū, tɛ̄ɛ̄mdɛ̄rɛ̀
ɛ̄ⁿ	ɛ̄ⁿ/ɛ̃	2	Jenaama	kwɛ̄ⁿ, sībɛ̄ⁿ
ɛ̌	ɛ̌/ɛ	38	Bankan_Tey, Ben_Tey, Jamsay, Najamba, Nanga, Perge_Tegu, Tebul_Ure, Togo_Kan, Tommo_So, Toro_Tegu, Yanda_Dom, Yorno_So	bɛ̀_bɛ̌w, bɛ̌, bɛ̌n_bɛ̀nɛ́
ɛ̌:	ɛ̌:/ɛː	35	Bankan_Tey, Ben_Tey, Jamsay, Najamba, Nanga, Penange, Perge_Tegu, Tebul_Ure, Togo_Kan, Yorno_So	bì-bɛ̌:, bɛ́:_bɛ̌:, bɛ̌:
ɛ̌:ⁿ	ɛ̌:ⁿ/ɛ̃ː	4	Jamsay, Perge_Tegu	dɛ̌:ⁿ, tɛ̌:ⁿ, ɛ̌:ⁿ
ɛ̌y	ɛ̌/ɛ j	3	Bankan_Tey, Jamsay, Yorno_So	bàrà_ɛ̀mbɛ̌y, lɛ̌y, pɛ̌y
ɛ̌yⁿ	ɛ̌/ɛ j̃	13	Bankan_Tey, Ben_Tey, Jamsay, Najamba, Toro_Tegu, Yorno_So	cìrⁿɛ̌yⁿ, dwɛ̌yⁿ-yè, dɛ̌yⁿ
ɛ̌ⁿ	ɛ̌ⁿ/ɛ̃	1	Togo_Kan	pɛ̌ⁿ
ɛ̰̀	ɛ̰̀/ɛ	1	Bambara	nɛ̰̀
ɛ᷈:	ɛ᷈:/ɛː	1	Nanga	bɛ̀_bɛ᷈:
ɛ᷈:yⁿ	ɛ᷈:/ɛ j̃	1	Penange	sɛ᷈:yⁿ
ɛ᷈:ⁿ	ɛ᷈:ⁿ/ɛ̃ː	1	Ben_Tey	gì_gɛ᷈:ⁿ-m
ɛ᷈yⁿ	ɛ᷈/ɛ j̃	2	Bankan_Tey, Ben_Tey	bɛ᷈yⁿ
ɛⁿ	ɛⁿ/ɛ̃	2	Bambara	cɛⁿ_cɛⁿ
ɡ	g	54	Bambara, Bangime, Songhai_Kiini	bɔ̄ɡɔ̀, dáɡá-yɛ̀, dìɡà
ɡw	gʷ	2	Bangime	ɡwì-yì, ɡwìì
ɡɡ	gː	1	Fulfulde	leɡɡal
ɣ	ɣ	13	Bangime, Ben_Tey, Jamsay	dà:ɣá, dàɣá, láɣá
ɥ	ɥ/y	18	Bangime, Jenaama	kùɥgè_kámbō, kùɥgù, kūɥɛ̀
ɥ̄	ɥ̄/y	2	Jenaama	tūɥ̄-gù
ɥⁿ	ɥⁿ/ỹ	2	Bangime	ŋùɥⁿɛ̀-rɛ̀, ŋúɥⁿɛ́ɛ̀
ɲ	ɲ	184	Bambara, Bangime, Bankan_Tey, Ben_Tey, Bunoge, Fulfulde, Jamsay, Jenaama, Mombo, Najamba, Nanga, Penange, Perge_Tegu, Songhai_Senni, Tebul_Ure, Tiranige_Diga, Togo_Kan, Tommo_So, Yanda_Dom, Yorno_So	bìɲɛ́, bùɲá, cèɲè
ɲɲ	ɲː	7	Bankan_Tey, Songhai_Senni, Tommo_So	gèɲɲú, jèɲɲé, káɲɲè
ɲ̀	ɲ̀/ɲ̍	1	Tommo_So	ɲ̀ɲɛ́
ʃ	ʃ	2	Jenaama	ʃìmbò_cí, ʃēmp_ùwò
ʄ	ʄ	5	Fulfulde	laʄu-de, ʄeewu-de, ʄiiʄam
ʄʄ	ʄː	2	Fulfulde	maʄʄu-de, moʄʄi-nde
ʒ	ʒ	3	Bangime	ʒìndò, ʒùɥɛ̀m̀_búⁿ, ʒīn-dò
ʔ	ʔ	52	Bunoge, Fulfulde, Songhai_Kiini, Songhai_Senni, Yanda_Dom	jìrbì_ʔí:yê, palu-giʔel, ʔà-tá:kí
ʔⁿ	ʔⁿ/ʔ	1	Togo_Kan	nàʔⁿà
ʤ	dʒ	11	Bangime	mɔ̀nʤɛ̀, nɔ̄n̄_ʤɛ̀, nʤàà_tìɡì
ḛ̀	ḛ̀/ḛ	1	Bambara	bìlḛ̀-má̰
ḛ́	ḛ́/ḛ	1	Bambara	bádḛ́má
ḭ́	ḭ/ḭ	2	Bambara	bḭ́, jìgḭ́
ḿ	ḿ/m̩	1	Tommo_So	ḿbɔ́
ṵ́	ṵ́/ṵ	2	Bambara	dɔ́gɔ́kṵ́, kùrṵ́
ẁ	ẁ/w	1	Nanga	děẁ
ẁⁿ	ẁⁿ/w̃	4	Bangime, Jenaama	kwīī_sɔ̄ẁⁿ, kéẁⁿ, nāẁⁿ
ẃⁿ	ẃⁿ/w̃	1	Nanga	àrⁿàẃⁿ
ỳ	ỳ/y	2	Bankan_Tey, Ben_Tey	tě-ỳ_té:, těỳ_tégé
